step,epoch,loss
0,0,0.001099523389711976
1,0,0.005954342428594828
2,0,0.0025183085817843676
3,0,0.003035599132999778
4,0,0.004472365602850914
5,0,0.0026330617256462574
6,0,0.002093625720590353
7,0,0.002335272030904889
8,0,0.003232188057154417
9,0,0.001892458414658904
10,0,0.002482421463355422
11,0,0.001817226642742753
12,0,0.0011522689601406455
13,0,0.0020339214242994785
14,0,0.0016947293188422918
15,0,0.0025658677332103252
16,0,0.001616814755834639
17,0,0.0018399825785309076
18,0,0.001495004747994244
19,0,0.0021906010806560516
20,0,0.00224778288975358
21,0,0.0021973797120153904
22,0,0.0018717186758294702
23,0,0.0017878456274047494
24,0,0.0013431826373562217
25,0,0.0021951321978121996
26,0,0.001649644342251122
27,0,0.0015544707421213388
28,0,0.0014250179519876838
29,0,0.001448964700102806
30,0,0.0015501329908147454
31,0,0.0010797652648761868
32,0,0.0022630838211625814
33,0,0.0009809244656935334
34,0,0.001851942390203476
35,0,0.0021907128393650055
36,0,0.0009744075359776616
37,0,0.0014396663755178452
38,0,0.0010240966221317649
39,0,0.0013883940409868956
40,0,0.0013073473237454891
41,0,0.0020351612474769354
42,0,0.0014229329535737634
43,0,0.0013471690472215414
44,0,0.0021217577159404755
45,0,0.001463390188291669
46,0,0.0016407539369538426
47,0,0.00083728734171018
48,0,0.0009821892017498612
49,0,0.0013392777182161808
50,0,0.0008756493334658444
51,0,0.0014395767357200384
52,0,0.0012669083662331104
53,0,0.0012610305566340685
54,0,0.0012935149716213346
55,0,0.0015113449189811945
56,0,0.001030975254252553
57,0,0.00224817986600101
58,0,0.0011652415851131082
59,0,0.001538184704259038
60,0,0.0025430377572774887
61,0,0.001239603036083281
62,0,0.0013341056182980537
63,0,0.0019507830729708076
64,0,0.0013437827583402395
65,0,0.0013831326505169272
66,0,0.0015938595170155168
67,0,0.0012449593050405383
68,0,0.001071977079845965
69,0,0.0007891919813118875
70,0,0.0012605547672137618
71,0,0.0014424918917939067
72,0,0.0011574456002563238
73,0,0.0017091188346967101
74,0,0.0013533176388591528
75,0,0.0011425449047237635
76,0,0.0009657990885898471
77,0,0.0012410180643200874
78,0,0.0012664694804698229
79,0,0.0012225598329678178
80,0,0.001300989300943911
81,0,0.001382619608193636
82,0,0.0013073255540803075
83,0,0.0013127678539603949
84,0,0.0013186169089749455
85,0,0.0016902961069718003
86,0,0.0013331390218809247
87,0,0.0014657281571999192
88,0,0.001076345331966877
89,0,0.0015838444232940674
90,0,0.0013223905116319656
91,0,0.0015006448375061154
92,0,0.0009159508044831455
93,1,0.0013402315089479089
94,1,0.0013471090933308005
95,1,0.0014158590929582715
96,1,0.001274364534765482
97,1,0.0014199248980730772
98,1,0.001814870978705585
99,1,0.0009895898401737213
100,1,0.0013326663756743073
101,1,0.0021786033175885677
102,1,0.001364497933536768
103,1,0.0015939422883093357
104,1,0.0017571010394021869
105,1,0.0020717906299978495
106,1,0.001124952919781208
107,1,0.001371042220853269
108,1,0.0014150772476568818
109,1,0.0011892259353771806
110,1,0.0016194378258660436
111,1,0.0008933229837566614
112,1,0.0017536146333441138
113,1,0.001194315031170845
114,1,0.0011760995257645845
115,1,0.0015173847787082195
116,1,0.0012695208424702287
117,1,0.0015173096908256412
118,1,0.001417015795595944
119,1,0.0014713187702000141
120,1,0.0014940837863832712
121,1,0.0015654864255338907
122,1,0.0012456258991733193
123,1,0.0013268416514620185
124,1,0.0020285961218178272
125,1,0.0012827706523239613
126,1,0.001345988130196929
127,1,0.00118458759970963
128,1,0.0010205126600340009
129,1,0.0014122556895017624
130,1,0.00136425846721977
131,1,0.0014183608582243323
132,1,0.0011938419193029404
133,1,0.001439813757315278
134,1,0.0011966284364461899
135,1,0.0013952483423054218
136,1,0.001137551385909319
137,1,0.0018748935544863343
138,1,0.0011855012271553278
139,1,0.0014937248779460788
140,1,0.0015083762118592858
141,1,0.0014070317847654223
142,1,0.001595867914147675
143,1,0.001621429342776537
144,1,0.0014560181880369782
145,1,0.001384733826853335
146,1,0.0018194338772445917
147,1,0.001508933026343584
148,1,0.0018101843306794763
149,1,0.0023321807384490967
150,1,0.0014250485692173243
151,1,0.0010996628552675247
152,1,0.001565478858537972
153,1,0.0011056262301281095
154,1,0.0011304736835882068
155,1,0.002186648780480027
156,1,0.0011446867138147354
157,1,0.0010098513448610902
158,1,0.0013822108739987016
159,1,0.0012895361287519336
160,1,0.0017206184566020966
161,1,0.0014554407680407166
162,1,0.0016793720424175262
163,1,0.0016782039310783148
164,1,0.001028990838676691
165,1,0.0011842737440019846
166,1,0.0020204628817737103
167,1,0.00106366619002074
168,1,0.0011471712496131659
169,1,0.0015509383520111442
170,1,0.0013522077351808548
171,1,0.0011489845346659422
172,1,0.001269330969080329
173,1,0.0011263383785262704
174,1,0.0010236240923404694
175,1,0.0013591244351118803
176,1,0.0014983691507950425
177,1,0.001236506039276719
178,1,0.0017246989300474524
179,1,0.0017608997877687216
180,1,0.0012072918470948935
181,1,0.0014387622941285372
182,1,0.000780249887611717
183,1,0.0014115270460024476
184,1,0.0013756074476987123
185,1,0.0011705857468768954
186,2,0.001805395120754838
187,2,0.0014012950705364347
188,2,0.0009426780743524432
189,2,0.001091529498808086
190,2,0.0010326853953301907
191,2,0.0018116157734766603
192,2,0.0013712772633880377
193,2,0.00130455254111439
194,2,0.0009091586689464748
195,2,0.0011719539761543274
196,2,0.0015432813670486212
197,2,0.001782807637937367
198,2,0.0013152663595974445
199,2,0.0013749999925494194
200,2,0.0010095859179273248
201,2,0.001647263066843152
202,2,0.0012866550823673606
203,2,0.0016569310100749135
204,2,0.0018695398466661572
205,2,0.0017541561974212527
206,2,0.0018186537781730294
207,2,0.0009588456596247852
208,2,0.0013067076215520501
209,2,0.0014222328318282962
210,2,0.0011284468928351998
211,2,0.0015453255036845803
212,2,0.0014531310880556703
213,2,0.0017805596580728889
214,2,0.0019157736096531153
215,2,0.0010458541801199317
216,2,0.001477012992836535
217,2,0.0013296097749844193
218,2,0.0012848015176132321
219,2,0.0013667152961716056
220,2,0.0009864626917988062
221,2,0.0009940795134752989
222,2,0.0017741546034812927
223,2,0.0014086426235735416
224,2,0.0012267461279407144
225,2,0.0013568508438766003
226,2,0.001326377154327929
227,2,0.0014435421908274293
228,2,0.0011325456434860826
229,2,0.00188796641305089
230,2,0.0008688027155585587
231,2,0.0014668647199869156
232,2,0.0011900166282430291
233,2,0.0010078740306198597
234,2,0.001390754827298224
235,2,0.000981372781097889
236,2,0.0014336731983348727
237,2,0.0011115723755210638
238,2,0.001220375532284379
239,2,0.0012577661545947194
240,2,0.0013945685932412744
241,2,0.0016021294286474586
242,2,0.0018749245209619403
243,2,0.0018086369382217526
244,2,0.000845699745696038
245,2,0.0011543886503204703
246,2,0.0011830185540020466
247,2,0.0016430901596322656
248,2,0.001160230254754424
249,2,0.0013697767863050103
250,2,0.0012540951138362288
251,2,0.00132230285089463
252,2,0.00134467042516917
253,2,0.0013592687901109457
254,2,0.0009849037742242217
255,2,0.0010311686201021075
256,2,0.0010220272233709693
257,2,0.0016608323203399777
258,2,0.0008768892730586231
259,2,0.001164615503512323
260,2,0.0013201438123360276
261,2,0.0018152741249650717
262,2,0.0013561261584982276
263,2,0.0011047449661418796
264,2,0.001079540466889739
265,2,0.001475249184295535
266,2,0.0014711238909512758
267,2,0.0010836257133632898
268,2,0.0018655426101759076
269,2,0.0009708166471682489
270,2,0.0021502645686268806
271,2,0.002075984375551343
272,2,0.0010890306439250708
273,2,0.0010269584599882364
274,2,0.002037371275946498
275,2,0.0011591918300837278
276,2,0.0010171635076403618
277,2,0.00166742829605937
278,2,0.0014248968800529838
279,3,0.00120989338029176
280,3,0.000834296690300107
281,3,0.0010964437387883663
282,3,0.0018501186277717352
283,3,0.0009858384728431702
284,3,0.0010347765637561679
285,3,0.0014038813533261418
286,3,0.0017515082145109773
287,3,0.0018322906689718366
288,3,0.0017082174308598042
289,3,0.0010338601423427463
290,3,0.0014691937249153852
291,3,0.001603627810254693
292,3,0.0010717309778556228
293,3,0.0019653779454529285
294,3,0.0010855335276573896
295,3,0.0014726649969816208
296,3,0.0018175294389948249
297,3,0.0013585608685389161
298,3,0.0016196664655581117
299,3,0.001578377210535109
300,3,0.00130726327188313
301,3,0.0019419555319473147
302,3,0.001402490888722241
303,3,0.0008572410442866385
304,3,0.0018891521031036973
305,3,0.0015409734332934022
306,3,0.001814326853491366
307,3,0.0011511436896398664
308,3,0.001284791505895555
309,3,0.0013035184238106012
310,3,0.000880162522662431
311,3,0.0011041344841942191
312,3,0.001278611714951694
313,3,0.001166432281024754
314,3,0.0018204024527221918
315,3,0.0010631816694512963
316,3,0.001596768037416041
317,3,0.0011403760872781277
318,3,0.0009008952183648944
319,3,0.0012268639402464032
320,3,0.0013262905413284898
321,3,0.0013016207376495004
322,3,0.0017663054168224335
323,3,0.0013053842121735215
324,3,0.0013848287053406239
325,3,0.0011182144517078996
326,3,0.001648960285820067
327,3,0.001376466010697186
328,3,0.0021750631276518106
329,3,0.0011372340377420187
330,3,0.0015380734112113714
331,3,0.0012381542474031448
332,3,0.0015869145281612873
333,3,0.0014404297107830644
334,3,0.0013672973727807403
335,3,0.0011176507687196136
336,3,0.0015437242109328508
337,3,0.0018511262023821473
338,3,0.0014256382128223777
339,3,0.0011257516453042626
340,3,0.0013236418599262834
341,3,0.0013598623918369412
342,3,0.0014810493448749185
343,3,0.0015510165831074119
344,3,0.0015699017094448209
345,3,0.0019993302412331104
346,3,0.0014006232377141714
347,3,0.0010630317265167832
348,3,0.0013571047456935048
349,3,0.001594693516381085
350,3,0.0015002638101577759
351,3,0.0010430526454001665
352,3,0.0013054670998826623
353,3,0.0010373038239777088
354,3,0.0014310856349766254
355,3,0.0016858421731740236
356,3,0.0015971577959135175
357,3,0.0012902989983558655
358,3,0.0013638753443956375
359,3,0.0019314889796078205
360,3,0.0013036966556683183
361,3,0.001215324504300952
362,3,0.0016410666285082698
363,3,0.0014429587172344327
364,3,0.0008663939079269767
365,3,0.001348544261418283
366,3,0.001175074139609933
367,3,0.0009566630469635129
368,3,0.0013921555364504457
369,3,0.0011436399072408676
370,3,0.0015280494699254632
371,3,0.0015025765169411898
372,4,0.0022437709849327803
373,4,0.001230277237482369
374,4,0.0011409225407987833
375,4,0.001698395935818553
376,4,0.0019816351123154163
377,4,0.0013090257998555899
378,4,0.0011802345979958773
379,4,0.0015219853958114982
380,4,0.0013247221941128373
381,4,0.0014780519995838404
382,4,0.0020942087285220623
383,4,0.0014870577724650502
384,4,0.00126657634973526
385,4,0.0013950862921774387
386,4,0.0011259929742664099
387,4,0.0014876775676384568
388,4,0.0011154775274917483
389,4,0.0009645018726587296
390,4,0.0014454751508310437
391,4,0.0009067532373592257
392,4,0.0012939214939251542
393,4,0.0012999909231439233
394,4,0.001379648339934647
395,4,0.0010988455032929778
396,4,0.0013586030108854175
397,4,0.0011027553118765354
398,4,0.001453933073207736
399,4,0.0014456916833296418
400,4,0.001635166467167437
401,4,0.0012645086972042918
402,4,0.0014808314153924584
403,4,0.0010653884382918477
404,4,0.0011699048336595297
405,4,0.001216952339746058
406,4,0.001815158873796463
407,4,0.0011941983830183744
408,4,0.0010308122728019953
409,4,0.00137436727527529
410,4,0.001558529445901513
411,4,0.0011458476074039936
412,4,0.0011764984810724854
413,4,0.0013972223969176412
414,4,0.0021509963553398848
415,4,0.0014513625064864755
416,4,0.0010479979682713747
417,4,0.0017699897289276123
418,4,0.0011492042103782296
419,4,0.0012198722688481212
420,4,0.0009618782205507159
421,4,0.0011367092374712229
422,4,0.0016137358034029603
423,4,0.001363229239359498
424,4,0.0010070797288790345
425,4,0.0009406943572685122
426,4,0.0012398792896419764
427,4,0.001725111622363329
428,4,0.0013053696602582932
429,4,0.0016806413186714053
430,4,0.001650220132432878
431,4,0.0016744923777878284
432,4,0.0010356237180531025
433,4,0.0017013783799484372
434,4,0.0011912191985175014
435,4,0.001930299331434071
436,4,0.0012083924375474453
437,4,0.0011911463225260377
438,4,0.0018145708600059152
439,4,0.0011660393793135881
440,4,0.0013032079441472888
441,4,0.0023290470708161592
442,4,0.0015992060070857406
443,4,0.0014521521516144276
444,4,0.0018095882842317224
445,4,0.0011995077366009355
446,4,0.0012063259491696954
447,4,0.0011515015503391623
448,4,0.001104522729292512
449,4,0.0012553990818560123
450,4,0.0015340778045356274
451,4,0.0013699436094611883
452,4,0.0016849738312885165
453,4,0.001875546877272427
454,4,0.0011663517216220498
455,4,0.001292170723900199
456,4,0.0014685580972582102
457,4,0.001247873529791832
458,4,0.0012062089517712593
459,4,0.0016022933414205909
460,4,0.0013891381677240133
461,4,0.0016339648282155395
462,4,0.0013276777463033795
463,4,0.0017142767319455743
464,4,0.0015205178642645478
465,5,0.0010908448603004217
466,5,0.0016805572668090463
467,5,0.0012077571591362357
468,5,0.001378939370624721
469,5,0.0018377755768597126
470,5,0.0009830038761720061
471,5,0.0014696576399728656
472,5,0.0019552181474864483
473,5,0.0012612052960321307
474,5,0.0012606902746483684
475,5,0.0011840236838907003
476,5,0.0022113360464572906
477,5,0.0011731931008398533
478,5,0.0013330699875950813
479,5,0.0011745222145691514
480,5,0.0010176845826208591
481,5,0.0009948773076757789
482,5,0.002156611531972885
483,5,0.0014453309122473001
484,5,0.0014150626957416534
485,5,0.001047751633450389
486,5,0.0010559118818491697
487,5,0.0009017265983857214
488,5,0.001817334908992052
489,5,0.0015918401768431067
490,5,0.001526669249869883
491,5,0.001015127869322896
492,5,0.0010132365860044956
493,5,0.0009040749864652753
494,5,0.0007720371359027922
495,5,0.0019452079432085156
496,5,0.0019503699149936438
497,5,0.001353986794129014
498,5,0.0011688971426337957
499,5,0.0012780798133462667
500,5,0.00174863135907799
501,5,0.0015987945953384042
502,5,0.0013740559807047248
503,5,0.0011067657032981515
504,5,0.0017904647393152118
505,5,0.0010210362961515784
506,5,0.0014633283717557788
507,5,0.0010171998292207718
508,5,0.0018259882926940918
509,5,0.0016919802874326706
510,5,0.0018894904060289264
511,5,0.001676924410276115
512,5,0.0012375678634271026
513,5,0.0015061745652928948
514,5,0.001438389765098691
515,5,0.0018701766384765506
516,5,0.0013247791212052107
517,5,0.001524040475487709
518,5,0.0018207149114459753
519,5,0.0010388190858066082
520,5,0.0014175758697092533
521,5,0.001210011076182127
522,5,0.0015361463883891702
523,5,0.001953976461663842
524,5,0.0013831665273755789
525,5,0.0016841574106365442
526,5,0.0009711995371617377
527,5,0.0014075679937377572
528,5,0.0017369311535730958
529,5,0.0017477148212492466
530,5,0.0015037866542115808
531,5,0.0011344149243086576
532,5,0.001443947316147387
533,5,0.002562362002208829
534,5,0.000977642135694623
535,5,0.0011395297478884459
536,5,0.0015436036046594381
537,5,0.0015847831964492798
538,5,0.0011314662406221032
539,5,0.0011519179679453373
540,5,0.001230471534654498
541,5,0.0011681229807436466
542,5,0.001218504155986011
543,5,0.0013243588618934155
544,5,0.0009050386142916977
545,5,0.001753701362758875
546,5,0.0012785200960934162
547,5,0.001732354168780148
548,5,0.0013145928969606757
549,5,0.0014660466695204377
550,5,0.0013609599554911256
551,5,0.001421027584001422
552,5,0.0014272512635216117
553,5,0.0008058717357926071
554,5,0.001311678672209382
555,5,0.00164031982421875
556,5,0.0012216221075505018
557,5,0.0011130726197734475
558,6,0.0018650918500497937
559,6,0.001856329501606524
560,6,0.0014733695425093174
561,6,0.0015918681165203452
562,6,0.0010932632721960545
563,6,0.0014374495949596167
564,6,0.0009507195209152997
565,6,0.0014720155159011483
566,6,0.001167474896647036
567,6,0.0016213475028052926
568,6,0.000984014244750142
569,6,0.0012707228306680918
570,6,0.0015163106145337224
571,6,0.0013276522513478994
572,6,0.001237854128703475
573,6,0.001269252272322774
574,6,0.001652832725085318
575,6,0.0013595671625807881
576,6,0.001296824892051518
577,6,0.0013170595047995448
578,6,0.001985487062484026
579,6,0.0014802641235291958
580,6,0.0013191892066970468
581,6,0.0009410962811671197
582,6,0.0014835346955806017
583,6,0.0009461977751925588
584,6,0.0013102540979161859
585,6,0.0013818995794281363
586,6,0.0012502555036917329
587,6,0.001247380394488573
588,6,0.0016533335437998176
589,6,0.0015040809521451592
590,6,0.001636882429011166
591,6,0.0012195418821647763
592,6,0.0016394703416153789
593,6,0.0010069749550893903
594,6,0.0017845021793618798
595,6,0.0014199716970324516
596,6,0.001249048043973744
597,6,0.001064273645170033
598,6,0.0011534836376085877
599,6,0.0017528623575344682
600,6,0.001433006371371448
601,6,0.0014058357337489724
602,6,0.001663613598793745
603,6,0.001247722771950066
604,6,0.0013411774998530746
605,6,0.0010826701764017344
606,6,0.0019183324184268713
607,6,0.0011595558607950807
608,6,0.0014641938032582402
609,6,0.00099275226239115
610,6,0.0012521184980869293
611,6,0.0014620564179494977
612,6,0.0010367936920374632
613,6,0.0013874719152227044
614,6,0.0011496237711980939
615,6,0.0012857323745265603
616,6,0.0009136680164374411
617,6,0.0012025460600852966
618,6,0.0011452535400167108
619,6,0.0014800091739743948
620,6,0.002016223268583417
621,6,0.0014068374875932932
622,6,0.0015255470061674714
623,6,0.0015509423101320863
624,6,0.001257345313206315
625,6,0.0011487067677080631
626,6,0.0012863313313573599
627,6,0.0011485912837088108
628,6,0.0014258857117965817
629,6,0.0012016822583973408
630,6,0.001188641763292253
631,6,0.0013488371623679996
632,6,0.0013528884155675769
633,6,0.001111410791054368
634,6,0.001554488786496222
635,6,0.0014708316884934902
636,6,0.0019627767615020275
637,6,0.0013250401243567467
638,6,0.0014706463553011417
639,6,0.0015861211577430367
640,6,0.001563912839628756
641,6,0.000981142744421959
642,6,0.0012709120055660605
643,6,0.0009687981801107526
644,6,0.0010296348482370377
645,6,0.001191640505567193
646,6,0.0010588690638542175
647,6,0.001016289577819407
648,6,0.0014505920698866248
649,6,0.0013867025263607502
650,6,0.0010092626325786114
651,7,0.001135787577368319
652,7,0.0012245300458744168
653,7,0.001440071384422481
654,7,0.0016788638895377517
655,7,0.00183358252979815
656,7,0.0012744981795549393
657,7,0.0013234325451776385
658,7,0.0018624253571033478
659,7,0.0016071738209575415
660,7,0.001374686835333705
661,7,0.001413412974216044
662,7,0.0015704043908044696
663,7,0.0016080603236332536
664,7,0.0016650717006996274
665,7,0.0015697316266596317
666,7,0.0008937048260122538
667,7,0.001162232249043882
668,7,0.001088460674509406
669,7,0.0014682044275105
670,7,0.0017475893255323172
671,7,0.0015685171820223331
672,7,0.0014449470909312367
673,7,0.0019763228483498096
674,7,0.002359610516577959
675,7,0.001792015740647912
676,7,0.0014020170783624053
677,7,0.001087885000742972
678,7,0.0011176994303241372
679,7,0.0007917355396784842
680,7,0.0022147800773382187
681,7,0.0011753553990274668
682,7,0.001682786620222032
683,7,0.0014710875693708658
684,7,0.0017671858659014106
685,7,0.002009277231991291
686,7,0.0012421875726431608
687,7,0.0018069177167490125
688,7,0.0019235749496147037
689,7,0.0017169216880574822
690,7,0.0010799976298585534
691,7,0.0019844993948936462
692,7,0.0017583250300958753
693,7,0.0014026319840922952
694,7,0.0017114914953708649
695,7,0.0011415915796533227
696,7,0.000794953026343137
697,7,0.001028138562105596
698,7,0.0018632215214893222
699,7,0.0012486607301980257
700,7,0.0013858916936442256
701,7,0.0015044283354654908
702,7,0.0016749913338571787
703,7,0.0015571346739307046
704,7,0.0015739393420517445
705,7,0.001628125086426735
706,7,0.0020807948894798756
707,7,0.0012428771005943418
708,7,0.002027476904913783
709,7,0.0010296220425516367
710,7,0.0017494865460321307
711,7,0.0015183386858552694
712,7,0.0009554016287438571
713,7,0.0012718801153823733
714,7,0.001228291541337967
715,7,0.0013485567178577185
716,7,0.0012430273927748203
717,7,0.0012288058642297983
718,7,0.0013953449670225382
719,7,0.001749786431901157
720,7,0.0011129174381494522
721,7,0.0012710163136944175
722,7,0.0010444166837260127
723,7,0.001246896106749773
724,7,0.0017051228787750006
725,7,0.0014768448891118169
726,7,0.001735877594910562
727,7,0.0015073588583618402
728,7,0.0014516738010570407
729,7,0.001003219629637897
730,7,0.0018698606872931123
731,7,0.0013157015200704336
732,7,0.0017002165550366044
733,7,0.0015310116577893496
734,7,0.000983122969046235
735,7,0.000798188557382673
736,7,0.001601716736331582
737,7,0.001364633091725409
738,7,0.0010704927844926715
739,7,0.0012364669237285852
740,7,0.0010172880720347166
741,7,0.0016876553418114781
742,7,0.0013752104714512825
743,7,0.0010734271490946412
744,8,0.0010509341955184937
745,8,0.002156550530344248
746,8,0.0015201562782749534
747,8,0.0016503423685207963
748,8,0.0011743820505216718
749,8,0.001069622696377337
750,8,0.0011085940059274435
751,8,0.0010217404924333096
752,8,0.001452706172131002
753,8,0.0014309773687273264
754,8,0.0013962251832708716
755,8,0.000910540868062526
756,8,0.001576449372805655
757,8,0.002047361573204398
758,8,0.0011849290458485484
759,8,0.0011599701829254627
760,8,0.0017033382318913937
761,8,0.0012044719187542796
762,8,0.0017777784960344434
763,8,0.0010415537981316447
764,8,0.0014370700810104609
765,8,0.0017435521585866809
766,8,0.0015194668667390943
767,8,0.0010278811678290367
768,8,0.0009238310158252716
769,8,0.0014241650933399796
770,8,0.0013273892691358924
771,8,0.0012385506415739655
772,8,0.0009341854602098465
773,8,0.0012700073421001434
774,8,0.0012439618585631251
775,8,0.001434421632438898
776,8,0.0015717778587713838
777,8,0.0013447130331769586
778,8,0.001245548715814948
779,8,0.001341225579380989
780,8,0.0018789122113958001
781,8,0.0015768802259117365
782,8,0.0013633685884997249
783,8,0.0013154984917491674
784,8,0.001225432031787932
785,8,0.0016692705685272813
786,8,0.0009427751647308469
787,8,0.0013985862024128437
788,8,0.001320251147262752
789,8,0.0015942244790494442
790,8,0.0012533838162198663
791,8,0.0012108886148780584
792,8,0.001296782516874373
793,8,0.0019024107605218887
794,8,0.0014017646899446845
795,8,0.0020347321406006813
796,8,0.001103930757381022
797,8,0.0014702110784128308
798,8,0.001009246101602912
799,8,0.0011499403044581413
800,8,0.001438864041119814
801,8,0.0012420130660757422
802,8,0.0013843579217791557
803,8,0.0012979331659153104
804,8,0.0016415620921179652
805,8,0.0012092511169612408
806,8,0.0013906185049563646
807,8,0.0012762186815962195
808,8,0.0018022871809080243
809,8,0.002043294720351696
810,8,0.0008819986833259463
811,8,0.0014303770149126649
812,8,0.0019349857466295362
813,8,0.0017027913127094507
814,8,0.0011902851983904839
815,8,0.0018797736847773194
816,8,0.0010859101312234998
817,8,0.0010728976922109723
818,8,0.001520750462077558
819,8,0.0012812870554625988
820,8,0.0014175425749272108
821,8,0.0010701293358579278
822,8,0.001888783648610115
823,8,0.001115845749154687
824,8,0.0011388262500986457
825,8,0.0014249096857383847
826,8,0.0008906088769435883
827,8,0.0011778885964304209
828,8,0.0012295469641685486
829,8,0.0013852478004992008
830,8,0.0013211232144385576
831,8,0.0015553744742646813
832,8,0.0011416937923058867
833,8,0.00189624959602952
834,8,0.0010972662130370736
835,8,0.001564930658787489
836,8,0.0017141380812972784
837,9,0.0013050910783931613
838,9,0.0011674932902678847
839,9,0.0016859086463227868
840,9,0.0012618491891771555
841,9,0.0023349779658019543
842,9,0.0011091193882748485
843,9,0.0014201950980350375
844,9,0.0011351332068443298
845,9,0.0012492683017626405
846,9,0.0016594079788774252
847,9,0.001013120636343956
848,9,0.0013649974716827273
849,9,0.001410336815752089
850,9,0.0018244549864903092
851,9,0.0010003577917814255
852,9,0.0012634345330297947
853,9,0.0010902596404775977
854,9,0.0021390889305621386
855,9,0.0009433683007955551
856,9,0.0012465082108974457
857,9,0.0011223552282899618
858,9,0.001346353441476822
859,9,0.0016257171519100666
860,9,0.0010274896631017327
861,9,0.0009813760407269
862,9,0.001771920477040112
863,9,0.0009258619393222034
864,9,0.0013367407955229282
865,9,0.0010258122347295284
866,9,0.001891420572064817
867,9,0.001806934247724712
868,9,0.0013028557877987623
869,9,0.0018153225537389517
870,9,0.001955966930836439
871,9,0.0010311809601262212
872,9,0.0017836176557466388
873,9,0.0010688431793823838
874,9,0.001352032064460218
875,9,0.0010826089419424534
876,9,0.0012672465527430177
877,9,0.00160202756524086
878,9,0.0013465553056448698
879,9,0.0020772230345755816
880,9,0.0012953889090567827
881,9,0.001109289238229394
882,9,0.0012601794442161918
883,9,0.0011017234064638615
884,9,0.0013874951982870698
885,9,0.0012353472411632538
886,9,0.0018130833050236106
887,9,0.0016556719783693552
888,9,0.0013137353817000985
889,9,0.0011946202721446753
890,9,0.001459564664401114
891,9,0.0013179813977330923
892,9,0.0010014096042141318
893,9,0.0016881562769412994
894,9,0.0014400524087250233
895,9,0.0017689213855192065
896,9,0.0015331184258684516
897,9,0.001929210964590311
898,9,0.0012861629948019981
899,9,0.001495029078796506
900,9,0.0009284112602472305
901,9,0.0016181946266442537
902,9,0.0013586380518972874
903,9,0.0012295428896322846
904,9,0.0014955714577808976
905,9,0.0010800698073580861
906,9,0.0018003438599407673
907,9,0.0016248037572950125
908,9,0.0016750679351389408
909,9,0.001342176808975637
910,9,0.0012677075574174523
911,9,0.0017340368358418345
912,9,0.0009804158471524715
913,9,0.0013533586170524359
914,9,0.001616449560970068
915,9,0.0017644307808950543
916,9,0.0014780521159991622
917,9,0.001770807895809412
918,9,0.0011392560554668307
919,9,0.0014021005481481552
920,9,0.002114461502060294
921,9,0.001186166307888925
922,9,0.0012323405826464295
923,9,0.0012847187463194132
924,9,0.0017390549182891846
925,9,0.0018821023404598236
926,9,0.001298149349167943
927,9,0.0012990400427952409
928,9,0.001524316961877048
929,9,0.001478288322687149
930,10,0.0011963804718106985
931,10,0.0011365386890247464
932,10,0.001665123039856553
933,10,0.0016407407820224762
934,10,0.0024428335018455982
935,10,0.0008956380188465118
936,10,0.0011447108117863536
937,10,0.0009314903290942311
938,10,0.00181197642814368
939,10,0.0011404092656448483
940,10,0.00154002639465034
941,10,0.0010948056587949395
942,10,0.0010831051040440798
943,10,0.0015822160057723522
944,10,0.0012823970755562186
945,10,0.0013303589075803757
946,10,0.0018967791693285108
947,10,0.0019959162455052137
948,10,0.0008821928058750927
949,10,0.0012697457568719983
950,10,0.0013690452324226499
951,10,0.0016963346861302853
952,10,0.0013075725873932242
953,10,0.0017890954622998834
954,10,0.0012802962446585298
955,10,0.0011043116683140397
956,10,0.0010180944809690118
957,10,0.0015277803177013993
958,10,0.000865536043420434
959,10,0.0015050537185743451
960,10,0.0014740475453436375
961,10,0.0015681409277021885
962,10,0.0010306262411177158
963,10,0.0011907240841537714
964,10,0.0015771751059219241
965,10,0.0009809680050238967
966,10,0.0015035787364467978
967,10,0.00179301539901644
968,10,0.0010129509028047323
969,10,0.0023006084375083447
970,10,0.0011062996927648783
971,10,0.001512219780124724
972,10,0.0013480983907356858
973,10,0.0013428224483504891
974,10,0.0009926398051902652
975,10,0.0012559642782434821
976,10,0.0015932954847812653
977,10,0.0011498099192976952
978,10,0.0012586636003106833
979,10,0.0011881350073963404
980,10,0.0012240116484463215
981,10,0.001181980362161994
982,10,0.0011602024314925075
983,10,0.0013341675512492657
984,10,0.001773384283296764
985,10,0.0013478342443704605
986,10,0.001145492191426456
987,10,0.0014948125462979078
988,10,0.0012165086809545755
989,10,0.0011714918073266745
990,10,0.0008496296359226108
991,10,0.0008213295368477702
992,10,0.00129135197494179
993,10,0.0018244106322526932
994,10,0.0015552376862615347
995,10,0.0011740148765966296
996,10,0.001493152929469943
997,10,0.0012187031097710133
998,10,0.0014816910261288285
999,10,0.0012662553926929832
1000,10,0.0011289884569123387
1001,10,0.0016450429102405906
1002,10,0.0012257606722414494
1003,10,0.001296892878599465
1004,10,0.0014101823326200247
1005,10,0.001572806271724403
1006,10,0.0011067361338064075
1007,10,0.0013516818871721625
1008,10,0.0012157522141933441
1009,10,0.0009137756424024701
1010,10,0.0015173000283539295
1011,10,0.0015566928777843714
1012,10,0.0013587744906544685
1013,10,0.0012929108925163746
1014,10,0.0009024629835039377
1015,10,0.0016391394892707467
1016,10,0.0012058813590556383
1017,10,0.0011914175702258945
1018,10,0.0013030521804466844
1019,10,0.0014670322416350245
1020,10,0.0013614952331408858
1021,10,0.0011727620149031281
1022,10,0.0018353632185608149
1023,11,0.0009253293392248452
1024,11,0.002007454866543412
1025,11,0.0014307581586763263
1026,11,0.0009711010497994721
1027,11,0.0015980448806658387
1028,11,0.0016172954346984625
1029,11,0.0011988981859758496
1030,11,0.001234494149684906
1031,11,0.0017417107010260224
1032,11,0.0009962389012798667
1033,11,0.001183283980935812
1034,11,0.0012036293046548963
1035,11,0.0013549650320783257
1036,11,0.0013705891324207187
1037,11,0.0012381939450278878
1038,11,0.0012607345124706626
1039,11,0.0013921315548941493
1040,11,0.001608226797543466
1041,11,0.001801799749955535
1042,11,0.0016473170835524797
1043,11,0.0013027081731706858
1044,11,0.0010130468290299177
1045,11,0.0015234012389555573
1046,11,0.0014515412040054798
